BuyDate,SellDate,Ticker,Horizon,DaysHeld,Pred_Prob,Pred_Prob_Std,Adj_Prob,Actual_LogR,Actual_Return%
2021-11-22,2021-11-30,ACEL_daily_processed,1w,5,0.02837924,0.013535818,0.02837924,-0.02559271127896981,-2.5267993874425687
2021-11-30,2021-12-01,AAT_daily_processed,1d,1,0.07134529,0.03299542,0.07134529,-0.016413029641330033,-1.6279069767441756
2021-12-01,2021-12-02,AAT_daily_processed,1d,1,0.075727284,0.031749003,0.075727284,0.0388342045713894,3.9598108747044725
2021-12-02,2021-12-03,AAT_daily_processed,1d,1,0.095198095,0.052116875,0.095198095,-0.004844004342837808,-0.48322910744741376
2021-12-03,2021-12-06,AAT_daily_processed,1d,1,0.051167335,0.019860327,0.051167335,0.03866027665749423,3.941730934018861
2021-12-06,2021-12-07,AAT_daily_processed,1d,1,0.039152417,0.011996874,0.039152417,-0.0022008261978240374,-0.21984061555372358
2021-12-07,2021-12-08,AAT_daily_processed,1d,1,0.049857516,0.024434548,0.049857516,0.0054930102413010135,0.5508124483613264
2021-12-08,2021-12-15,ACI_daily_processed,1w,5,0.058607664,0.032170113,0.058607664,-0.055202007833972444,-5.370603015075382
2021-12-15,2021-12-22,ACI_daily_processed,1w,5,0.057934232,0.0238538,0.057934232,-0.01101295963085104,-1.0952538997676675
2021-12-22,2021-12-23,ACI_daily_processed,1d,1,0.07595782,0.022702234,0.07595782,0.0033500868852818057,0.3355704697986406
2021-12-23,2021-12-27,ACI_daily_processed,1d,1,0.05889755,0.019753784,0.05889755,-0.012113203293406948,-1.2040133779264162
2021-12-27,2021-12-28,ACI_daily_processed,1d,1,0.08148523,0.03338979,0.08148523,0.009769321423423296,0.9817197020988377
2021-12-28,2021-12-29,ACI_daily_processed,1d,1,0.081862405,0.037437472,0.081862405,0.007348062454559539,0.7375125712370201
2021-12-29,2021-12-30,ACI_daily_processed,1d,1,0.08645303,0.035377417,0.08645303,0.003985392189753179,0.39933444259567796
2021-12-30,2021-12-31,ACI_daily_processed,1d,1,0.076764315,0.03258576,0.076764315,0.0006626905477777291,0.06629101756712164
2021-12-31,2022-01-03,ACI_daily_processed,1d,1,0.06526585,0.03565971,0.06526585,-0.028558971003911776,-2.8155018217952965
2022-01-03,2022-01-04,ACI_daily_processed,1d,1,0.08434973,0.039027005,0.08434973,0.010510352728898789,1.05657805044308
2022-01-04,2022-01-05,ACI_daily_processed,1d,1,0.06006418,0.036802858,0.06006418,0.01006719911772394,1.0118043844856706
2022-01-05,2022-01-06,ACI_daily_processed,1d,1,0.045265876,0.026628284,0.045265876,0.04120923172122967,4.207011686143569
2022-01-06,2022-01-07,ABCL_daily_processed,1d,1,0.046717633,0.024924826,0.046717633,-0.022585652648749153,-2.2332506203473934
2022-01-07,2022-01-10,ACI_daily_processed,1d,1,0.05595878,0.02493123,0.05595878,0.021867453508110656,2.210829862223629
2022-01-10,2022-01-11,ACI_daily_processed,1d,1,0.07323276,0.026112646,0.07323276,-0.10257790516671432,-9.749216300940432
2022-01-11,2022-01-12,ACI_daily_processed,1d,1,0.1249436,0.0386523,0.1249436,0.028759256961389437,2.9176797499131712
2022-01-12,2022-01-13,ACI_daily_processed,1d,1,0.07529762,0.036768112,0.07529762,0.04455447340324885,4.556193047586921
2022-01-13,2022-01-14,ACI_daily_processed,1d,1,0.06919012,0.033378292,0.06919012,-0.0012919898438024683,-0.12911555842478606
2022-01-14,2022-01-18,ACI_daily_processed,1d,1,0.07607827,0.03144427,0.07607827,-0.015307252147302445,-1.5190691661279954
2022-01-18,2022-01-19,ACI_daily_processed,1d,1,0.13982266,0.041685175,0.13982266,-0.03676884778708893,-3.6101083032490933
2022-01-19,2022-01-20,ACI_daily_processed,1d,1,0.16039774,0.048116524,0.16039774,-0.04065176726646086,-3.9836567926455624
2022-01-20,2022-01-21,ACI_daily_processed,1d,1,0.18317078,0.070248894,0.18317078,0.0028328630843041072,0.28368794326241176
2022-01-21,2022-01-24,ACI_daily_processed,1d,1,0.14377953,0.053850524,0.14377953,0.006344751633334246,0.6364922206506307
2022-01-24,2022-01-25,ACI_daily_processed,1d,1,0.14518811,0.031394836,0.14518811,-0.049704144617632146,-4.848910751932545
2022-01-25,2022-01-26,ACI_daily_processed,1d,1,0.1600469,0.05609963,0.1600469,-0.009647570190541672,-0.9601181683899451
2022-01-26,2022-01-27,ACI_daily_processed,1d,1,0.15371916,0.04236352,0.15371916,0.023582522486292588,2.386278896346017
2022-01-27,2022-01-28,ABCL_daily_processed,1d,1,0.13604298,0.06138573,0.13604298,0.10032857161660787,10.553410553410547
2022-01-28,2022-01-31,ACI_daily_processed,1d,1,0.16434175,0.052962087,0.16434175,0.04728153363082554,4.8417132216014735
2022-01-31,2022-02-01,ACI_daily_processed,1d,1,0.17100267,0.049694512,0.17100267,0.0003551767041423889,0.0355239786856254
2022-02-01,2022-02-02,ACI_daily_processed,1d,1,0.144755,0.06256565,0.144755,0.009542394373066703,0.9588068181818121
2022-02-02,2022-02-03,ACI_daily_processed,1d,1,0.1505579,0.05456979,0.1505579,0.001405975627037756,0.140696447414701
2022-02-03,2022-02-04,ACI_daily_processed,1d,1,0.09799505,0.058933344,0.09799505,-0.013081324950246059,-1.299613628380747
2022-02-04,2022-02-07,ACI_daily_processed,1d,1,0.12508547,0.0544145,0.12508547,0.004969836285341208,0.4982206405693912
2022-02-07,2022-02-08,ACI_daily_processed,1d,1,0.10096132,0.051536374,0.10096132,0.023793984665522645,2.4079320113314484
2022-02-08,2022-02-15,ADP_daily_processed,1w,5,0.12604629,0.06391364,0.12604629,-0.02128926511852632,-2.10642483566047
2022-02-15,2022-02-23,ADP_daily_processed,1w,5,0.13520262,0.055648524,0.13520262,-0.03862487070461584,-3.7888442309577552
2022-02-23,2022-03-02,ADP_daily_processed,1w,5,0.19034885,0.06431686,0.19034885,0.049689788255159684,5.094503031229314
2022-03-02,2022-03-03,ACN_daily_processed,1d,1,0.15380023,0.077956356,0.15380023,0.0019457701343555873,0.1947664373448843
2022-03-03,2022-03-04,ADP_daily_processed,1d,1,0.1367966,0.048887,0.1367966,0.018201683643932452,1.8368343917928742
2022-03-04,2022-03-07,AAMI_daily_processed,1d,1,0.19589064,0.059374277,0.19589064,-0.08278105340715072,-7.944732297063906
2022-03-07,2022-03-14,ACN_daily_processed,1w,5,0.21278931,0.08421895,0.21278931,0.008682933612431932,0.8720739623631291
2022-03-14,2022-03-15,ADI_daily_processed,1d,1,0.20079845,0.05481353,0.20079845,0.0356807366016207,3.632493304950901
2022-03-15,2022-03-16,ADI_daily_processed,1d,1,0.15430844,0.05046595,0.15430844,0.04944624110536645,5.068910681155581
2022-03-16,2022-03-17,ADI_daily_processed,1d,1,0.16148715,0.06354587,0.16148715,0.008852671219199715,0.8891971999747783
2022-03-17,2022-03-18,ACI_daily_processed,1d,1,0.15538974,0.049038526,0.15538974,-0.023325491970218853,-2.3055555555555496
2022-03-18,2022-03-21,ABNB_daily_processed,1d,1,0.16995253,0.061013814,0.16995253,-0.03163280779236372,-3.113772455089814
2022-03-21,2022-03-22,ACI_daily_processed,1d,1,0.15101421,0.05296938,0.15101421,-0.01252974766201356,-1.245157719977874
2022-03-22,2022-03-23,ACI_daily_processed,1d,1,0.16133049,0.04958539,0.16133049,0.0022390157688576364,0.22415242364810517
2022-03-23,2022-03-24,ACI_daily_processed,1d,1,0.15380932,0.040265664,0.15380932,-0.001958864485333034,-0.195694716242667
2022-03-24,2022-03-25,ACI_daily_processed,1d,1,0.1741699,0.058745764,0.1741699,-0.08228611859761428,-7.899159663865552
2022-03-25,2022-03-28,ACI_daily_processed,1d,1,0.32768285,0.06323215,0.32768285,0.01479272257530325,1.4902676399026538
2022-03-28,2022-03-29,ACI_daily_processed,1d,1,0.23061042,0.07108434,0.23061042,0.002693402795395444,0.269703326341042
2022-03-29,2022-03-30,ACI_daily_processed,1d,1,0.16822848,0.043918118,0.16822848,0.001493206190540976,0.14943215780034436
2022-03-30,2022-03-31,ACI_daily_processed,1d,1,0.23747744,0.06064264,0.23747744,-0.007789134647355817,-0.775887794688146
2022-03-31,2022-04-01,ACI_daily_processed,1d,1,0.24112183,0.062244006,0.24112183,0.0202448116942757,2.045112781954894
2022-04-01,2022-04-04,ACI_daily_processed,1d,1,0.2835549,0.089620315,0.2835549,-0.0017699119664584693,-0.17683465959328348
2022-04-04,2022-04-05,ACI_daily_processed,1d,1,0.20140284,0.06364507,0.20140284,0.0,0.0
2022-04-05,2022-04-06,ACI_daily_processed,1d,1,0.15055422,0.054535493,0.15055422,0.006474419320131594,0.6495423678771983
2022-04-06,2022-04-07,ACI_daily_processed,1d,1,0.109447345,0.04005474,0.109447345,0.019750859869958223,1.9947198591962367
2022-04-07,2022-04-08,AA_daily_processed,1d,1,0.11079527,0.040275823,0.11079527,-0.022908490796870025,-2.2648083623693305
2022-04-08,2022-04-11,AA_daily_processed,1d,1,0.11798711,0.058593757,0.11798711,-0.019439057032222182,-1.9251336898395754
2022-04-11,2022-04-12,ACI_daily_processed,1d,1,0.10559225,0.040478617,0.10559225,-0.08424454585438701,-8.079355951696387
2022-04-12,2022-04-13,ACI_daily_processed,1d,1,0.14507306,0.05141232,0.14507306,0.03714932169054845,3.7847982483578457
2022-04-13,2022-04-14,ACI_daily_processed,1d,1,0.1144289,0.0462247,0.1144289,-0.023480267608842472,-2.320675105485237
2022-04-14,2022-04-18,ACI_daily_processed,1d,1,0.114382915,0.037149396,0.114382915,0.018343528711645678,1.8512804689910567
2022-04-18,2022-04-19,ACI_daily_processed,1d,1,0.10157317,0.032969955,0.10157317,0.003024805694053293,0.30293850348379614
2022-04-19,2022-04-20,ACI_daily_processed,1d,1,0.09527009,0.029943585,0.09527009,0.005421700027778606,0.5436424041075139
2022-04-20,2022-04-21,ACI_daily_processed,1d,1,0.095847346,0.038156938,0.095847346,0.01756781819692024,1.7723039951937691
2022-04-21,2022-04-22,AA_daily_processed,1d,1,0.20253639,0.066258624,0.20253639,-0.069240230926212,-6.689750692520768
2022-04-22,2022-04-25,AA_daily_processed,1d,1,0.21075864,0.07255241,0.21075864,0.0,0.0
2022-04-25,2022-04-26,ACI_daily_processed,1d,1,0.17708713,0.046187136,0.17708713,-0.031639287491751496,-3.1144002466851672
2022-04-26,2022-04-27,AA_daily_processed,1d,1,0.16996384,0.058086287,0.16996384,0.044107616779489496,4.509481857548159
2022-04-27,2022-04-28,AA_daily_processed,1d,1,0.20433842,0.08668811,0.20433842,0.007543982828221134,0.7572510358622608
2022-04-28,2022-04-29,AA_daily_processed,1d,1,0.2693485,0.06296744,0.2693485,-0.03933416258331959,-3.8570618264322176
2022-04-29,2022-05-02,AA_daily_processed,1d,1,0.32370958,0.07113479,0.32370958,-0.024486144230913998,-2.418879056047196
2022-05-02,2022-05-03,AA_daily_processed,1d,1,0.4120145,0.056154683,0.4120145,-0.022933278418148895,-2.26723095525998
2022-05-03,2022-05-04,AA_daily_processed,1d,1,0.39896792,0.07744661,0.39896792,0.04977652450644418,5.103618929786569
2022-05-04,2022-05-05,AA_daily_processed,1d,1,0.33910373,0.0966702,0.33910373,-0.06850951064868169,-6.621542083578569
2022-05-05,2022-05-06,AA_daily_processed,1d,1,0.31127793,0.06909025,0.31127793,-0.03888039917884793,-3.8134257800189086
2022-05-06,2022-05-09,AA_daily_processed,1d,1,0.35776043,0.08383117,0.35776043,-0.11866399370395474,-11.189384010484925
2022-05-09,2022-05-10,AA_daily_processed,1d,1,0.3531547,0.09629859,0.3531547,0.02962506518187035,3.006825308983596
2022-05-10,2022-05-11,AA_daily_processed,1d,1,0.34360364,0.06807747,0.34360364,0.014578035948253349,1.468481375358155
2022-05-11,2022-05-12,AA_daily_processed,1d,1,0.28620213,0.080000944,0.28620213,-0.03740097912217801,-3.6710201200141124
2022-05-12,2022-05-13,AA_daily_processed,1d,1,0.27891013,0.08960898,0.27891013,0.06644902548535374,6.870648589226813
2022-05-13,2022-05-16,AA_daily_processed,1d,1,0.21317828,0.06836813,0.21317828,0.03288383299274849,3.3430481741813844
2022-05-16,2022-05-17,AA_daily_processed,1d,1,0.20053452,0.06838752,0.20053452,0.050463487684885414,5.175846051758448
2022-05-17,2022-05-18,AA_daily_processed,1d,1,0.16375746,0.054884188,0.16375746,-0.046655220808950126,-4.558359621451102
2022-05-18,2022-05-19,AA_daily_processed,1d,1,0.18728656,0.07894265,0.18728656,0.025131871016386094,2.5450338786977333
2022-05-19,2022-05-26,AA_daily_processed,1w,5,0.19785601,0.06344386,0.19785601,0.012810423385640264,1.2892828364222453
2022-05-26,2022-05-27,AA_daily_processed,1d,1,0.23025721,0.07931278,0.23025721,0.025914288765470368,2.6252983293556076
2022-05-27,2022-05-31,AA_daily_processed,1d,1,0.16133338,0.06783564,0.16133338,-0.04405719630676678,-4.310077519379851
2022-05-31,2022-06-01,ABCL_daily_processed,1d,1,0.1857511,0.04867678,0.1857511,0.023347363996991107,2.3622047244094446
2022-06-01,2022-06-02,ABCL_daily_processed,1d,1,0.20525065,0.05677443,0.20525065,-0.010309369658861213,-1.025641025641022
2022-06-02,2022-06-09,ABNB_daily_processed,1w,5,0.15210195,0.062373895,0.15210195,-0.04676352053565035,-4.568695365330699
2022-06-09,2022-06-10,AA_daily_processed,1d,1,0.24672586,0.052067693,0.24672586,-0.046982942886428375,-4.589632829373658
2022-06-10,2022-06-13,AA_daily_processed,1d,1,0.3154528,0.06596773,0.3154528,-0.06166270052051691,-5.980003772873033
2022-06-13,2022-06-14,AA_daily_processed,1d,1,0.29865736,0.04743739,0.29865736,-0.018631563660226128,-1.8459069020866803
2022-06-14,2022-06-15,AA_daily_processed,1d,1,0.22006677,0.07002169,0.22006677,0.043793861961216575,4.476696647587897
2022-06-15,2022-06-16,AA_daily_processed,1d,1,0.22944385,0.06412671,0.22944385,-0.02837773515496487,-2.7978869105850124
2022-06-16,2022-06-17,AA_daily_processed,1d,1,0.2163832,0.06660986,0.2163832,-0.008084118399958911,-0.805152979066015
2022-06-17,2022-06-21,AA_daily_processed,1d,1,0.23680206,0.051316123,0.23680206,0.016103407566578673,1.6233766233766156
2022-06-21,2022-06-22,AA_daily_processed,1d,1,0.21546629,0.07034897,0.21546629,-0.02384433031101673,-2.3562300319488805
2022-06-22,2022-06-29,ABNB_daily_processed,1w,5,0.19406892,0.07003517,0.19406892,-0.0579092822515481,-5.626444288154319
2022-06-29,2022-06-30,ACNB_daily_processed,1d,1,0.24959251,0.05792377,0.24959251,-0.0037771527437454374,-0.37700282752120007
2022-06-30,2022-07-01,AA_daily_processed,1d,1,0.30836096,0.071112715,0.30836096,-0.01770741264692939,-1.7551557700745901
2022-07-01,2022-07-05,AA_daily_processed,1d,1,0.2943299,0.067984775,0.2943299,-0.06195142838812946,-6.00714604734256
2022-07-05,2022-07-06,AA_daily_processed,1d,1,0.29386342,0.057932712,0.29386342,0.012748047994639664,1.282965074839626
2022-07-06,2022-07-07,AA_daily_processed,1d,1,0.22471178,0.06504244,0.22471178,0.06844537626385834,7.084212995543027
2022-07-07,2022-07-08,ADM_daily_processed,1d,1,0.17928582,0.06993261,0.17928582,-0.01434977919586626,-1.424731182795702
2022-07-08,2022-07-11,ADM_daily_processed,1d,1,0.16128184,0.05900104,0.16128184,-0.00972810302510327,-0.9680938096536806
2022-07-11,2022-07-12,ADM_daily_processed,1d,1,0.2195547,0.05514454,0.2195547,0.00302447302313693,0.30290513561888055
2022-07-12,2022-07-13,ADM_daily_processed,1d,1,0.17292765,0.080162816,0.17292765,-0.002198709144669683,-0.21962937542895355
2022-07-13,2022-07-14,ADM_daily_processed,1d,1,0.14839704,0.06804215,0.14839704,-0.013713075890969284,-1.3619479983491445
2022-07-14,2022-07-15,ADM_daily_processed,1d,1,0.18836841,0.088094324,0.18836841,0.004175371410480592,0.4184100418409997
2022-07-15,2022-07-18,ADM_daily_processed,1d,1,0.17933574,0.051300313,0.17933574,0.007609860314141405,0.7638888888888751
2022-07-18,2022-07-19,ADM_daily_processed,1d,1,0.12921742,0.05398683,0.12921742,0.017489173740877273,1.7643004824259068
2022-07-19,2022-07-26,ABNB_daily_processed,1w,5,0.12951784,0.027241355,0.12951784,-0.002841606929001827,-0.2837573385518599
2022-07-26,2022-08-02,ABNB_daily_processed,1w,5,0.15053858,0.025306795,0.15053858,0.1324268676420133,14.159552546364452
2022-08-02,2022-08-03,ABNB_daily_processed,1d,1,0.085084565,0.03557975,0.085084565,-0.011410912197007392,-1.1346054667354388
2022-08-03,2022-08-04,ABNB_daily_processed,1d,1,0.07787141,0.026077349,0.07787141,0.03586449950617236,3.6515388628064693
2022-08-04,2022-08-05,ABNB_daily_processed,1d,1,0.058022738,0.036473308,0.058022738,-0.01785686173773459,-1.769837275624897
2022-08-05,2022-08-12,ABNB_daily_processed,1w,5,0.06528893,0.027438506,0.06528893,0.06127236991027531,6.318845529843742
2022-08-12,2022-08-19,ABNB_daily_processed,1w,5,0.0490913,0.023074606,0.0490913,-0.08154304285115707,-7.830696329612074
2022-08-19,2022-08-22,ABNB_daily_processed,1d,1,0.043708466,0.026718814,0.043708466,-0.029805434256065653,-2.9365632624607896
2022-08-22,2022-08-23,ABNB_daily_processed,1d,1,0.050446223,0.023084829,0.050446223,0.001883493090112023,0.1885267977376648
2022-08-23,2022-08-30,ACGLO_daily_processed,1w,5,0.039592348,0.010681876,0.039592348,0.01855176880809683,1.8724921979491826
2022-08-30,2022-08-31,ABCL_daily_processed,1d,1,0.03739912,0.016206862,0.03739912,0.001874414794350352,0.18761726078799779
2022-08-31,2022-09-01,ABNB_daily_processed,1d,1,0.041991472,0.04946421,0.041991472,0.002472189145389073,0.24752475247524774
2022-09-01,2022-09-02,ABNB_daily_processed,1d,1,0.042833343,0.024426576,0.042833343,0.0021141656923353348,0.21164021164019609
2022-09-02,2022-09-12,ACGLN_daily_processed,1w,5,0.030738313,0.013908553,0.030738313,0.03439880548878876,3.499728703201299
2022-09-12,2022-09-19,ACGLN_daily_processed,1w,5,0.041924402,0.015716769,0.041924402,-0.02467950651636129,-2.437745740498032
2022-09-19,2022-09-26,ACGLO_daily_processed,1w,5,0.038839396,0.014596618,0.038839396,-0.03211819011976087,-3.1607879065506106
2022-09-26,2022-09-27,AA_daily_processed,1d,1,0.12853825,0.040532112,0.12853825,0.006650306424039696,0.6672468813461174
2022-09-27,2022-09-28,AA_daily_processed,1d,1,0.17167418,0.046318516,0.17167418,0.015158305400332696,1.5273775216138263
2022-09-28,2022-09-29,AA_daily_processed,1d,1,0.19636983,0.07871575,0.19636983,0.005660926524234369,0.5676979846721553
2022-09-29,2022-09-30,AA_daily_processed,1d,1,0.21153443,0.053485427,0.21153443,-0.05124873011472075,-4.995766299745985
2022-09-30,2022-10-03,AA_daily_processed,1d,1,0.2431445,0.07262747,0.2431445,0.10509310022636256,11.081402257872863
2022-10-03,2022-10-04,AA_daily_processed,1d,1,0.25206628,0.06704347,0.25206628,0.07320969697267432,7.595613800481393
2022-10-04,2022-10-05,AA_daily_processed,1d,1,0.21075869,0.07184059,0.21075869,-0.0037355291850874705,-0.37285607755406236
2022-10-05,2022-10-06,AA_daily_processed,1d,1,0.14367361,0.05274914,0.14367361,-0.005755051540385215,-0.5738522954091718
2022-10-06,2022-10-07,AEE_daily_processed,1d,1,0.13608035,0.05651312,0.13608035,-0.024134675927068572,-2.3845763571791134
2022-10-07,2022-10-10,AEE_daily_processed,1d,1,0.136811,0.038533386,0.136811,0.009440742604878441,0.9485446985447066
2022-10-10,2022-10-11,AEE_daily_processed,1d,1,0.116069056,0.06095898,0.116069056,0.0024426315416694756,0.24456171965503426
2022-10-11,2022-10-12,ACNB_daily_processed,1d,1,0.120335825,0.040199727,0.120335825,-0.010658317806480468,-1.0601719197707693
2022-10-12,2022-10-13,AEE_daily_processed,1d,1,0.14142804,0.052486848,0.14142804,0.02958212159622112,3.0024019215372233
2022-10-13,2022-10-14,AEE_daily_processed,1d,1,0.17763308,0.04724088,0.17763308,-0.012252499474241431,-1.2177743230988414
2022-10-14,2022-10-17,AEE_daily_processed,1d,1,0.1598127,0.059950802,0.1598127,0.01896653373362966,1.9147540983606381
2022-10-17,2022-10-18,ACN_daily_processed,1d,1,0.14623272,0.07695406,0.14623272,0.006954633081686382,0.6978872702311012
2022-10-18,2022-10-19,ACN_daily_processed,1d,1,0.106558725,0.037252873,0.106558725,3.7870898112768605e-05,0.003787161522428306
2022-10-19,2022-10-20,AEE_daily_processed,1d,1,0.13001303,0.04887156,0.13001303,-0.025004524773707515,-2.469450101832993
2022-10-20,2022-10-21,AEE_daily_processed,1d,1,0.19977827,0.06374172,0.19977827,0.012451522739318177,1.2529365700861383
2022-10-21,2022-10-24,AEE_daily_processed,1d,1,0.22662967,0.056416556,0.22662967,0.0037311075770735994,0.3738076823923686
2022-10-24,2022-10-25,AEE_daily_processed,1d,1,0.20688978,0.057579704,0.20688978,0.020967792759423662,2.1189161422884073
2022-10-25,2022-10-26,AEE_daily_processed,1d,1,0.17244142,0.059183694,0.17244142,-0.00012576243492641833,-0.012575452716290236
2022-10-26,2022-10-27,ACI_daily_processed,1d,1,0.16148254,0.06366026,0.16148254,-0.00343221714720876,-0.34263338228096574
2022-10-27,2022-10-28,ACI_daily_processed,1d,1,0.13228214,0.04361208,0.13228214,0.0009818361122566383,0.09823182711197198
2022-10-28,2022-10-31,ACI_daily_processed,1d,1,0.113081515,0.045134395,0.113081515,0.006358544289710546,0.6378802747792012
2022-10-31,2022-11-01,ACI_daily_processed,1d,1,0.09865781,0.03692226,0.09865781,-0.00930694937400819,-0.9263773768893313
2022-11-01,2022-11-02,ACI_daily_processed,1d,1,0.09072955,0.041881967,0.09072955,0.006377259778529488,0.6397637795275468
2022-11-02,2022-11-03,ACI_daily_processed,1d,1,0.0733422,0.034586623,0.0733422,0.022722756707911494,2.2982885085574667
2022-11-03,2022-11-04,AA_daily_processed,1d,1,0.07485954,0.036546286,0.07485954,0.11748826778394693,12.466843501326252
2022-11-04,2022-11-11,ACI_daily_processed,1w,5,0.044821214,0.022671016,0.044821214,-0.0364024867694395,-3.5747883349012355
2022-11-11,2022-11-18,ACI_daily_processed,1w,5,0.062471725,0.026189964,0.062471725,0.0009751341582062914,0.09756097560975618
2022-11-18,2022-11-28,ACI_daily_processed,1w,5,0.056793462,0.01811088,0.056793462,0.011628037995119214,1.1695906432748648
2022-11-28,2022-12-05,ACGLO_daily_processed,1w,5,0.03574741,0.0120788785,0.03574741,0.02441350906906431,2.471395881006866
2022-12-05,2022-12-12,ABNB_daily_processed,1w,5,0.024319677,0.010036581,0.024319677,-0.030194472717575648,-2.974317328190035
2022-12-12,2022-12-19,ABNB_daily_processed,1w,5,0.031871043,0.01519585,0.031871043,-0.1064305818248804,-10.096254446536923
2022-12-19,2022-12-27,ABNB_daily_processed,1w,5,0.03771349,0.01589686,0.03771349,-0.02880614711922274,-2.839520539974416
2022-12-27,2023-01-04,ABNB_daily_processed,1w,5,0.038448527,0.01839685,0.038448527,0.060758478836202535,6.264223260270696
2023-01-04,2023-01-11,ABNB_daily_processed,1w,5,0.027935086,0.012778598,0.027935086,0.06247936917520066,6.447249774571695
2023-01-11,2023-01-19,ACGLN_daily_processed,1w,5,0.04554774,0.017407423,0.04554774,0.02476906811240895,2.5078369905956244
2023-01-19,2023-01-26,ACGLO_daily_processed,1w,5,0.044989042,0.01875504,0.044989042,0.026941975955423077,2.730819245773719
2023-01-26,2023-02-02,ABNB_daily_processed,1w,5,0.060763985,0.02810657,0.060763985,0.07988803406968467,8.316578322061785
2023-02-02,2023-02-03,ADM_daily_processed,1d,1,0.114424735,0.057638947,0.114424735,-0.00036454219979625916,-0.03644757623618711
2023-02-03,2023-02-06,ADM_daily_processed,1d,1,0.10835679,0.07340606,0.10835679,0.003397236948496238,0.3403014098201318
2023-02-06,2023-02-07,ADM_daily_processed,1d,1,0.09276761,0.0617093,0.09276761,0.0012105073503336442,0.1211240310077466
2023-02-07,2023-02-08,ADM_daily_processed,1d,1,0.094544925,0.06628911,0.094544925,-0.01290654711352502,-1.2823614807645822
2023-02-08,2023-02-09,ADM_daily_processed,1d,1,0.08302722,0.0333443,0.08302722,-0.012330612457478674,-1.225490196078427
2023-02-09,2023-02-10,ADM_daily_processed,1d,1,0.09809623,0.058379404,0.09809623,0.018317556847592297,1.8486352357320213
2023-02-10,2023-02-13,ADM_daily_processed,1d,1,0.1273235,0.064808406,0.1273235,-0.002317215501150984,-0.2314532829820859
2023-02-13,2023-02-14,ADM_daily_processed,1d,1,0.14700904,0.06273579,0.14700904,-0.0014662759225275992,-0.1465201465201571
2023-02-14,2023-02-15,ADM_daily_processed,1d,1,0.16016366,0.081186526,0.16016366,-0.0004892368003650437,-0.04891171435559283
2023-02-15,2023-02-16,ADM_daily_processed,1d,1,0.1446555,0.0678665,0.1446555,-0.003922535061298372,-0.3914851969659794
2023-02-16,2023-02-17,ADM_daily_processed,1d,1,0.13140725,0.058393963,0.13140725,0.0020857623658761416,0.20879390813068888
2023-02-17,2023-02-27,ABNB_daily_processed,1w,5,0.1342012,0.045347687,0.1342012,-0.06328297734249437,-6.132218844984793
2023-02-27,2023-02-28,ACP_daily_processed,1d,1,0.18794468,0.06893688,0.18794468,0.003929278139889557,0.3937007874015741
2023-02-28,2023-03-01,ACP_daily_processed,1d,1,0.11628625,0.04829993,0.11628625,-0.02649161544697634,-2.614379084967322
2023-03-01,2023-03-02,ACP_daily_processed,1d,1,0.18162395,0.07428117,0.18162395,-0.005383593083472643,-0.5369127516778538
2023-03-02,2023-03-03,ACP_daily_processed,1d,1,0.12381338,0.07016733,0.12381338,0.01207258123426924,1.2145748987854255
2023-03-03,2023-03-06,ADP_daily_processed,1d,1,0.10188308,0.045924086,0.10188308,0.0034201734541276004,0.3426028921023505
2023-03-06,2023-03-07,AEE_daily_processed,1d,1,0.10703768,0.057825662,0.10703768,-0.016958732246959506,-1.6815742397137678
2023-03-07,2023-03-08,AEE_daily_processed,1d,1,0.11705096,0.053461123,0.11705096,0.008575449616678398,0.8612324114507519
2023-03-08,2023-03-09,AEE_daily_processed,1d,1,0.1000252,0.0430104,0.1000252,-0.005910396555350525,-0.589296452194843
2023-03-09,2023-03-10,ACP_daily_processed,1d,1,0.09249145,0.02918564,0.09249145,-0.011019395249610538,-1.0958904109588996
2023-03-10,2023-03-13,ADP_daily_processed,1d,1,0.1535205,0.061886314,0.1535205,-4.682634450994496e-05,-0.0046825248173787415
2023-03-13,2023-03-14,AEE_daily_processed,1d,1,0.18206353,0.06600021,0.18206353,0.004789854685146952,0.48013443764252095
2023-03-14,2023-03-15,AEE_daily_processed,1d,1,0.15659443,0.06454609,0.15659443,0.01811236255845136,1.8277386214311298
2023-03-15,2023-03-16,AEE_daily_processed,1d,1,0.1892049,0.057650834,0.1892049,0.009457715427132155,0.9502580947911898
2023-03-16,2023-03-17,AEE_daily_processed,1d,1,0.14287677,0.060051646,0.14287677,-0.012041999726904421,-1.1969785008715927
2023-03-17,2023-03-20,ADM_daily_processed,1d,1,0.1808446,0.06896907,0.1808446,0.03532346872190926,3.595475356854294
2023-03-20,2023-03-21,ADM_daily_processed,1d,1,0.18699522,0.052020036,0.18699522,0.009830631491486006,0.9879110880020692
2023-03-21,2023-03-22,ACGLN_daily_processed,1d,1,0.15711096,0.044956032,0.15711096,0.0,0.0
2023-03-22,2023-03-23,ADM_daily_processed,1d,1,0.14735557,0.056803275,0.14735557,-0.02419578916515682,-2.3905417695205933
2023-03-23,2023-03-30,AAT_daily_processed,1w,5,0.15932728,0.052891552,0.15932728,0.09265883048270476,9.708737864077666
2023-03-30,2023-03-31,ACGLO_daily_processed,1d,1,0.14912982,0.0569313,0.14912982,0.016652444401828687,1.6791869200176945
2023-03-31,2023-04-03,ACNB_daily_processed,1d,1,0.21484491,0.06639327,0.21484491,0.0010587613482421182,0.10593220338983578
2023-04-03,2023-04-04,ACNB_daily_processed,1d,1,0.25647885,0.05085423,0.25647885,-0.007968169649176845,-0.7936507936507908
2023-04-04,2023-04-05,ACNB_daily_processed,1d,1,0.26779976,0.04933816,0.26779976,0.002397124599721673,0.24000000000001798
2023-04-05,2023-04-06,ACNB_daily_processed,1d,1,0.23566636,0.085058324,0.23566636,-0.01473964779810816,-1.4631550944400273
2023-04-06,2023-04-10,ACNB_daily_processed,1d,1,0.19377016,0.050864168,0.19377016,-0.006500564603093428,-0.6479481641468721
2023-04-10,2023-04-11,ADP_daily_processed,1d,1,0.14252421,0.072062016,0.14252421,0.004610771273010022,0.4621417234618619
2023-04-11,2023-04-12,ADP_daily_processed,1d,1,0.13582334,0.07145788,0.13582334,0.001856924538967417,0.1858649690999581
2023-04-12,2023-04-13,ADP_daily_processed,1d,1,0.09805782,0.049310256,0.09805782,0.007577543997040452,0.7606326237187488
2023-04-13,2023-04-20,ACGLO_daily_processed,1w,5,0.07723314,0.019313604,0.07723314,-0.00731028841412503,-0.7283633247643473
2023-04-20,2023-04-21,ADP_daily_processed,1d,1,0.11472773,0.041336186,0.11472773,-0.0019033035014782845,-0.19014933679621926
2023-04-21,2023-05-22,AAT_daily_processed,1m,21,0.088552445,0.027218135,0.088552445,0.07410797215372183,7.692307692307687
2023-05-22,2023-05-23,ACNB_daily_processed,1d,1,0.09833282,0.033946086,0.09833282,0.006845992507990059,0.6869479882237517
2023-05-23,2023-05-24,ACNB_daily_processed,1d,1,0.09687363,0.035841297,0.09687363,-0.002276793958002195,-0.2274204028590021
2023-05-24,2023-06-26,AAT_daily_processed,1m,21,0.13084334,0.034094013,0.13084334,-0.016363521627210355,-1.6230366492146708
2023-06-26,2023-06-27,ABBV_daily_processed,1d,1,0.22219571,0.09956681,0.22219571,-0.01756726171225152,-1.7413856984068166
2023-06-27,2023-06-28,ABBV_daily_processed,1d,1,0.20243472,0.07501101,0.20243472,-0.000678963475217345,-0.06787330316742057
2023-06-28,2023-06-29,ABBV_daily_processed,1d,1,0.2099518,0.08407692,0.2099518,0.005418843695575875,0.5433552184740842
2023-06-29,2023-06-30,ABBV_daily_processed,1d,1,0.2541873,0.08902611,0.2541873,0.011195817795635794,1.1258725512272028
2023-06-30,2023-07-03,ABBV_daily_processed,1d,1,0.24077456,0.09029948,0.24077456,0.002076074001398369,0.2078230535144332
2023-07-03,2023-07-05,ABBV_daily_processed,1d,1,0.29049298,0.09583509,0.29049298,0.019147414005179036,1.9331901340641444
2023-07-05,2023-07-06,ABBV_daily_processed,1d,1,0.25648394,0.08104884,0.25648394,-0.002692183384693801,-0.2688562708908604
2023-07-06,2023-07-07,ABBV_daily_processed,1d,1,0.25788897,0.09541991,0.25788897,-0.012832440069884474,-1.2750455373406244
2023-07-07,2023-07-10,ABBV_daily_processed,1d,1,0.27971306,0.08648057,0.27971306,-0.007481793484297738,-0.7453874538745353
2023-07-10,2023-07-11,ABBV_daily_processed,1d,1,0.30519176,0.10422528,0.30519176,0.007998265255840029,0.8030336828016793
2023-07-11,2023-07-12,ABBV_daily_processed,1d,1,0.30644265,0.114008024,0.30644265,-0.004361492776037622,-0.43519952791916117
2023-07-12,2023-07-13,ABBV_daily_processed,1d,1,0.36472523,0.089869626,0.36472523,-0.010351211313539598,-1.0297821899540538
2023-07-13,2023-07-14,ABBV_daily_processed,1d,1,0.34154552,0.10501175,0.34154552,0.017953004442941164,1.8115128377872436
2023-07-14,2023-07-17,ABBV_daily_processed,1d,1,0.3632,0.08431916,0.3632,-0.008713686798678642,-0.8675832659363114
2023-07-17,2023-07-18,ABBV_daily_processed,1d,1,0.35781914,0.09729225,0.35781914,0.01289579788696002,1.2979307275828855
2023-07-18,2023-07-19,ABBV_daily_processed,1d,1,0.2791914,0.090131484,0.2791914,0.008021628370340792,0.8053887831307671
2023-07-19,2023-07-20,ABBV_daily_processed,1d,1,0.23961878,0.076381825,0.23961878,0.032232039504999095,3.2757117954677506
2023-07-20,2023-07-21,ABBV_daily_processed,1d,1,0.19886199,0.11139232,0.19886199,0.010841920632013466,1.090090723679582
2023-07-21,2023-07-24,ABBV_daily_processed,1d,1,0.17594145,0.08347953,0.17594145,-0.003903532072257621,-0.3895923194657036
2023-07-24,2023-07-25,ABBV_daily_processed,1d,1,0.13942006,0.05379621,0.13942006,-0.010884556741733933,-1.0825534292498995
2023-07-25,2023-07-26,ABBV_daily_processed,1d,1,0.10695302,0.052922763,0.10695302,0.001904560939692027,0.19063757678459137
2023-07-26,2023-07-27,ABBV_daily_processed,1d,1,0.11135617,0.06036511,0.11135617,0.04781650329578835,4.8978153629316346
2023-07-27,2023-07-28,ABBV_daily_processed,1d,1,0.09858511,0.038628455,0.09858511,0.013346878143284807,1.3436345314074671
2023-07-28,2023-07-31,ABBV_daily_processed,1d,1,0.1173066,0.0591242,0.1173066,-0.00845459884154848,-0.8418959231024092
2023-07-31,2023-08-01,ABBV_daily_processed,1d,1,0.070155315,0.038202867,0.070155315,-0.0069770845223712415,-0.6952801176627998
2023-08-01,2023-08-02,ACNB_daily_processed,1d,1,0.051989805,0.025597282,0.051989805,0.04103139667786256,4.188481675392675
2023-08-02,2023-08-03,ACNB_daily_processed,1d,1,0.03264507,0.017279187,0.03264507,0.002067031593787549,0.20691693762933117
2023-08-03,2023-08-10,ACGLN_daily_processed,1w,5,0.026403515,0.014955251,0.026403515,0.01699456727056299,1.7139796464916701
2023-08-10,2023-08-17,ACGLN_daily_processed,1w,5,0.0264324,0.011197756,0.0264324,-0.029390306695746566,-2.8962611901000357
2023-08-17,2023-08-24,AEE_daily_processed,1w,5,0.032274768,0.012465274,0.032274768,0.009926575196351194,0.9976007071599957
2023-08-24,2023-08-31,ACGLO_daily_processed,1w,5,0.032490138,0.01699501,0.032490138,0.006551263487221728,0.657276995305156
2023-08-31,2023-09-01,ACGLO_daily_processed,1d,1,0.049095597,0.024030538,0.049095597,-0.00514380371934213,-0.5130597014925464
2023-09-01,2023-09-05,ACGLO_daily_processed,1d,1,0.036284637,0.016164817,0.036284637,-0.008001925493160445,-0.7969995311767342
2023-09-05,2023-09-12,ACGLO_daily_processed,1w,5,0.01994717,0.010330721,0.01994717,-0.018602969102077704,-1.8431001890359178
2023-09-12,2023-09-19,ACGLN_daily_processed,1w,5,0.041037932,0.021627003,0.041037932,0.051631455919263304,5.298759864712532
2023-09-19,2023-09-26,ABNB_daily_processed,1w,5,0.031472806,0.01495777,0.031472806,-0.0698492731412683,-6.746563271060979
2023-09-26,2023-10-03,ACGLO_daily_processed,1w,5,0.03627201,0.012753406,0.03627201,-0.053451614275739565,-5.20481927710843
2023-10-03,2023-10-04,ACGLO_daily_processed,1d,1,0.04487286,0.022686668,0.04487286,0.0030456876335562028,0.30503304524656105
2023-10-04,2023-10-05,ACGLO_daily_processed,1d,1,0.030351162,0.02101468,0.030351162,0.0010131713126068026,0.10136847440445074
2023-10-05,2023-10-06,AEE_daily_processed,1d,1,0.040153548,0.024341477,0.040153548,0.010186845306992997,1.0238907849829282
2023-10-06,2023-10-13,ACGLN_daily_processed,1w,5,0.040482286,0.019660255,0.040482286,0.0070964224477640635,0.7121661721068095
2023-10-13,2023-10-16,ACGLN_daily_processed,1d,1,0.07698491,0.033948075,0.07698491,0.00938423308989369,0.9428403064231095
2023-10-16,2023-10-23,ACGLN_daily_processed,1w,5,0.04434514,0.017415581,0.04434514,-0.012334958157951173,-1.2259194395796702
2023-10-23,2024-04-24,AAT_daily_processed,6m,126,0.06679849,0.028854871,0.06679849,0.19147558664835723,21.10352673492606
2024-04-24,2024-04-25,ACN_daily_processed,1d,1,0.14474171,0.08655242,0.14474171,-0.014585666742639572,-1.4479811188365166
2024-04-25,2024-04-26,ACN_daily_processed,1d,1,0.123289175,0.07937249,0.123289175,-0.00320902691876242,-0.3203883495145665
2024-04-26,2024-05-03,ACN_daily_processed,1w,5,0.14127682,0.05709568,0.14127682,-0.014058951238549538,-1.39605856952697
2024-05-03,2024-05-06,ACNB_daily_processed,1d,1,0.13403232,0.055982802,0.13403232,0.04235927383914164,4.326923076923084
2024-05-06,2024-05-07,ACNB_daily_processed,1d,1,0.10457795,0.029825233,0.10457795,0.019063538787264696,1.9246408240715773
2024-05-07,2024-05-08,ACN_daily_processed,1d,1,0.09379263,0.038742136,0.09379263,0.004272069454016597,0.4281207751239302
2024-05-08,2024-05-09,ACNB_daily_processed,1d,1,0.07856709,0.03668912,0.07856709,-0.016901810802603025,-1.6759776536312665
2024-05-09,2024-05-10,ACN_daily_processed,1d,1,0.12529813,0.055537853,0.12529813,-0.0009136294563147879,-0.09132122239979834
2024-05-10,2024-05-13,ABBV_daily_processed,1d,1,0.23511033,0.0738842,0.23511033,0.0032916217652751265,0.3297045101088747
2024-05-13,2024-05-20,ABBV_daily_processed,1w,5,0.1631933,0.046367183,0.1631933,0.02013326046169797,2.0337301587301626
2024-05-20,2024-05-21,ACNB_daily_processed,1d,1,0.14065501,0.04284819,0.14065501,-0.02241159823312314,-2.2162324049116555
2024-05-21,2024-05-22,ACNB_daily_processed,1d,1,0.14535578,0.049163327,0.14535578,-0.000612745117210639,-0.061255742725863094
2024-05-22,2024-05-23,ACNB_daily_processed,1d,1,0.10457179,0.051509872,0.10457179,-0.014819659921600942,-1.4710389212381325
2024-05-23,2024-05-24,ACNB_daily_processed,1d,1,0.15104818,0.048999,0.15104818,-0.023604557769420664,-2.3328149300155476
2024-05-24,2024-05-28,ACNB_daily_processed,1d,1,0.20695381,0.054839917,0.20695381,-0.009600073729019118,-0.9554140127388422
2024-05-28,2024-05-29,ACNB_daily_processed,1d,1,0.1727115,0.05234286,0.1727115,0.0437245304958205,4.46945337620579
2024-05-29,2024-05-30,ACNB_daily_processed,1d,1,0.20265287,0.058047332,0.20265287,0.06753495071618215,6.986765158510289
2024-05-30,2024-05-31,ACNB_daily_processed,1d,1,0.19530626,0.05478564,0.19530626,-0.014780735688956909,-1.4672036823935475
2024-05-31,2024-06-03,ACNB_daily_processed,1d,1,0.19234094,0.06698964,0.19234094,-0.007914448464448429,-0.7883211678832214
2024-06-03,2024-06-04,ACNB_daily_processed,1d,1,0.26378164,0.0500325,0.26378164,-0.023222240321342968,-2.295467922307226
2024-06-04,2024-06-05,ACNB_daily_processed,1d,1,0.22370295,0.07894961,0.22370295,0.028505492997926044,2.891566265060219
2024-06-05,2024-06-06,ACNB_daily_processed,1d,1,0.18086237,0.05745208,0.18086237,-0.057537325678587534,-5.591334894613576
2024-06-06,2024-06-07,ACNB_daily_processed,1d,1,0.12750036,0.051185973,0.12750036,0.008952058549110225,0.8992248062015484
2024-06-07,2024-06-10,ACNB_daily_processed,1d,1,0.10819046,0.03215564,0.10819046,0.017969114520912766,1.8131530424093434
2024-06-10,2024-06-11,ACN_daily_processed,1d,1,0.13062447,0.07509374,0.13062447,0.012965203421976039,1.3049616086492577
2024-06-11,2024-06-12,ACN_daily_processed,1d,1,0.1020171,0.05593826,0.1020171,-0.029280477847741213,-2.8855958126571934
2024-06-12,2024-06-13,ACN_daily_processed,1d,1,0.11981672,0.07829654,0.11981672,-0.012006129607309958,-1.1934343611101461
2024-06-13,2024-06-14,ACN_daily_processed,1d,1,0.16890599,0.089222826,0.16890599,0.01543007257918326,1.5549730801926787
2024-06-14,2024-06-17,ACN_daily_processed,1d,1,0.11516735,0.049484376,0.11516735,-0.004124149561417676,-0.41156569355795813
2024-06-17,2024-06-18,ACN_daily_processed,1d,1,0.124546625,0.08270567,0.124546625,-0.000630605402063153,-0.06304066122647667
2024-06-18,2024-06-20,ACN_daily_processed,1d,1,0.1690092,0.061846413,0.1690092,0.07039134413472982,7.292798317855276
2024-06-20,2024-06-21,ACN_daily_processed,1d,1,0.11911631,0.06653118,0.11911631,0.009168708766456776,0.9210870133263604
2024-06-21,2024-06-24,ACN_daily_processed,1d,1,0.10176863,0.054192625,0.10176863,-0.005744997056860947,-0.572852611819552
2024-06-24,2024-06-25,ACN_daily_processed,1d,1,0.118631564,0.05942899,0.118631564,-0.00013021257220773328,-0.013020409491870666
2024-06-25,2024-06-26,ACN_daily_processed,1d,1,0.100493334,0.046706695,0.100493334,-0.008336242067477148,-0.8301591952339149
2024-06-26,2024-06-27,ACN_daily_processed,1d,1,0.07717061,0.04265485,0.07717061,-0.004705426493387064,-0.46943733175760505
2024-06-27,2024-06-28,ACN_daily_processed,1d,1,0.054614816,0.029758995,0.054614816,0.0007253544663564713,0.07256175995251635
2024-06-28,2024-07-01,ACNB_daily_processed,1d,1,0.044281658,0.021832589,0.044281658,0.015426088992093256,1.554568527918776
2024-07-01,2024-07-02,ACNB_daily_processed,1d,1,0.035122287,0.02345734,0.035122287,0.014268232132982984,1.437050921587013
2024-07-02,2024-07-03,ACNB_daily_processed,1d,1,0.027138516,0.018937936,0.027138516,-0.008660740804037845,-0.8623344625808493
2024-07-03,2024-07-05,ACNB_daily_processed,1d,1,0.022167552,0.021000406,0.022167552,-0.006232491349290188,-0.6213109661385552
2024-07-05,2024-07-08,ACNB_daily_processed,1d,1,0.03468927,0.0227594,0.03468927,0.004989096722201777,0.5001562988433905
2024-07-08,2024-07-15,ACNB_daily_processed,1w,5,0.02508728,0.010718958,0.02508728,-0.05104776506602405,-4.976671850699843
2024-07-15,2024-07-16,ACNB_daily_processed,1d,1,0.04166418,0.022965154,0.04166418,0.01687803778735173,1.7021276595744705
2024-07-16,2024-07-17,ABCL_daily_processed,1d,1,0.037690446,0.018595008,0.037690446,-0.03498899185006548,-3.4383954154727836
2024-07-17,2024-07-18,ACNB_daily_processed,1d,1,0.035600282,0.016881632,0.035600282,0.00420236597107831,0.421120829284094
2024-07-18,2024-07-25,ABCL_daily_processed,1w,5,0.09044222,0.030269451,0.09044222,0.012987195526811112,1.3071895424836555
2024-07-25,2024-08-01,ABCL_daily_processed,1w,5,0.060231365,0.020508142,0.060231365,-0.016260520871780405,-1.6129032258064613
2024-08-01,2024-08-02,ACNB_daily_processed,1d,1,0.048336815,0.017322564,0.048336815,-0.023115384429089773,-2.285027059530964
2024-08-02,2024-08-05,ACNB_daily_processed,1d,1,0.063216634,0.034746666,0.063216634,0.010407195248535731,1.0461538461538522
2024-08-05,2024-08-06,ACNB_daily_processed,1d,1,0.0813322,0.036831856,0.0813322,0.04437232288537302,4.53714981729596
2024-08-06,2024-08-07,ACNB_daily_processed,1d,1,0.048332337,0.021949396,0.048332337,0.0549713458252105,5.651034080978756
2024-08-07,2024-08-08,AA_daily_processed,1d,1,0.04601845,0.023980506,0.04601845,0.047468804445034145,4.8613488531324744
2024-08-08,2024-08-15,AA_daily_processed,1w,5,0.04028652,0.016390607,0.04028652,0.046564534277081834,4.766568723473741
2024-08-15,2024-08-16,ACNB_daily_processed,1d,1,0.07004413,0.021266708,0.07004413,0.030536723860081702,3.100775193798455
2024-08-16,2024-08-19,ACNB_daily_processed,1d,1,0.08196649,0.022164324,0.08196649,0.07786032177227242,8.097165991902845
2024-08-19,2024-08-20,ACNB_daily_processed,1d,1,0.08812128,0.03163004,0.08812128,-0.0018744147943503039,-0.1872659176029967
2024-08-20,2024-08-21,ACNB_daily_processed,1d,1,0.10572109,0.0574285,0.10572109,0.045581489052628356,4.663629053872942
2024-08-21,2024-08-22,ACNB_daily_processed,1d,1,0.1008581,0.03285831,0.1008581,0.05747135391447886,5.915492957746493
2024-08-22,2024-08-23,ACNB_daily_processed,1d,1,0.096667826,0.03425656,0.096667826,0.006987138412677927,0.7011605415860656
2024-08-23,2024-08-26,ACNB_daily_processed,1d,1,0.055385962,0.023782777,0.055385962,-0.030224089522469428,-2.977190876350544
2024-08-26,2024-08-27,ACNB_daily_processed,1d,1,0.055452827,0.029613622,0.055452827,-0.0034705042270193236,-0.34644889878741036
2024-08-27,2024-08-28,ACNB_daily_processed,1d,1,0.06269686,0.03136134,0.06269686,0.02888110671794121,2.930221008194689
2024-08-28,2024-08-29,ACNB_daily_processed,1d,1,0.03763323,0.020612804,0.03763323,0.026426963452084975,2.677925211097709
2024-08-29,2024-09-06,ABNB_daily_processed,1w,5,0.031981777,0.012348187,0.031981777,-0.020097696553819603,-1.989708404802737
2024-09-06,2024-09-13,ABNB_daily_processed,1w,5,0.03240194,0.015554417,0.03240194,0.029912155533954713,3.036401820090995
2024-09-13,2024-09-20,ACI_daily_processed,1w,5,0.02941944,0.012045257,0.02941944,-0.020673940672424673,-2.0461699895068075
2024-09-20,2024-09-27,ABCL_daily_processed,1w,5,0.04122947,0.017005889,0.04122947,0.007692345623155645,0.7722007722007707
2024-09-27,2024-10-04,ACI_daily_processed,1w,5,0.021254115,0.008014742,0.021254115,0.0048556879866589525,0.48674959437533527
2024-10-04,2024-10-11,AAMI_daily_processed,1w,5,0.014197178,0.0057601924,0.014197178,0.09458079916967424,9.919797382861951
2024-10-11,2025-04-15,ACI_daily_processed,6m,126,0.02447882,0.008439822,0.02447882,0.08200886530665796,8.546543277082197
2025-04-15,2025-04-16,ACN_daily_processed,1d,1,0.23584856,0.089857824,0.23584856,-0.011918593779314517,-1.184784868010813
2025-04-16,2025-04-17,ACN_daily_processed,1d,1,0.24630445,0.117278874,0.24630445,-0.010183495041257082,-1.0131818819239857
2025-04-17,2025-04-25,ACN_daily_processed,1w,5,0.29333392,0.09141241,0.29333392,0.03835534584627374,3.9100407295909134
2025-04-25,2025-04-28,ACN_daily_processed,1d,1,0.20954186,0.06998672,0.20954186,-0.00047729443153477646,-0.047718054466749926
2025-04-28,2025-04-29,ACN_daily_processed,1d,1,0.24247761,0.09506222,0.24247761,0.017643937735793244,1.7800511508951455
2025-04-29,2025-04-30,ACN_daily_processed,1d,1,0.18552685,0.088446945,0.18552685,0.002275694566662521,0.22782859248833276
2025-04-30,2025-05-01,ABBV_daily_processed,1d,1,0.21200031,0.0820453,0.21200031,-0.009061950592606114,-0.9021014864172172
2025-05-01,2025-05-02,ABBV_daily_processed,1d,1,0.23765972,0.06957966,0.23765972,0.026187658167707777,2.653356780800653
2025-05-02,2025-05-05,ABBV_daily_processed,1d,1,0.16479713,0.07272587,0.16479713,-0.01216621687683685,-1.2092507683781006
2025-05-05,2025-05-06,ABCL_daily_processed,1d,1,0.1338832,0.055353038,0.1338832,-0.07586575077471361,-7.305936073059371
2025-05-06,2025-05-07,ABBV_daily_processed,1d,1,0.18751968,0.07109621,0.18751968,0.005010137332275125,0.502270905690616
2025-05-07,2025-05-08,ABBV_daily_processed,1d,1,0.16798723,0.08128931,0.16798723,-0.013434515757679833,-1.3344675421340768
2025-05-08,2025-05-09,ABBV_daily_processed,1d,1,0.17520857,0.09405313,0.17520857,-0.005294733856281594,-0.5280741459209093
2025-05-09,2025-05-12,ABBV_daily_processed,1d,1,0.14560552,0.08205812,0.14560552,0.02920110329399451,2.9631635969664227
2025-05-12,2025-05-13,ABBV_daily_processed,1d,1,0.14120674,0.07712468,0.14120674,-0.01095046253279698,-1.0890724469932112
2025-05-13,2025-05-14,ABBV_daily_processed,1d,1,0.13174006,0.05928073,0.13174006,-0.05780943922789231,-5.617021276595747
2025-05-14,2025-05-15,ABBV_daily_processed,1d,1,0.16845398,0.072698526,0.16845398,0.023614374195246205,2.389540126239864
2025-05-15,2025-05-16,ABBV_daily_processed,1d,1,0.14409095,0.08536599,0.14409095,0.012797549556912117,1.2879788639365897
2025-05-16,2025-05-19,ABBV_daily_processed,1d,1,0.1035995,0.061274588,0.1035995,0.009141869850746312,0.9183784371263881
2025-05-19,2025-05-20,ABBV_daily_processed,1d,1,0.16709416,0.086414725,0.16709416,-0.004641631822320713,-0.4630876097140746
2025-05-20,2025-05-21,ABBV_daily_processed,1d,1,0.11949215,0.045460127,0.11949215,-0.016637503639262353,-1.6499864755206817
2025-05-21,2025-05-30,AAT_daily_processed,1m,21,0.14240585,0.03657457,0.14240585,,
