Date,Close,Pred_Prob_1d,Pred_Prob_Std_1d,Pred_Prob_1w,Pred_Prob_Std_1w,Pred_Prob_1m,Pred_Prob_Std_1m,Pred_Prob_6m,Pred_Prob_Std_6m
2024-08-28,4.940000057220459,0.012249266,0.0062015504,0.01267573,0.0052644536,0.0087811295,0.0042514694,0.005853651,0.0030947884
2024-08-29,4.849999904632568,0.0087376805,0.0034696148,0.0116255125,0.0039347154,0.009013556,0.0044383314,0.0061780517,0.003133374
2024-08-30,4.534999847412109,0.0065690475,0.003166342,0.009975391,0.004747027,0.0076335096,0.0045681084,0.0050906474,0.0032068812
2024-09-03,4.210000038146973,0.0069991183,0.0032116952,0.009593983,0.0041464004,0.00646853,0.002657028,0.0041266005,0.0020430095
2024-09-04,4.110000133514404,0.0059267012,0.0028996307,0.008715543,0.0040186862,0.0065345936,0.0034325528,0.0035318905,0.0015696696
2024-09-05,3.0799999237060547,0.015464115,0.008744781,0.01591641,0.0056435848,0.012910026,0.004328583,0.005985353,0.0026206078
2024-09-06,2.5850000381469727,0.02864968,0.01072379,0.026761377,0.008732118,0.018410377,0.006421683,0.007388875,0.003237955
2024-09-09,3.3499999046325684,0.0323011,0.013095483,0.020947196,0.008135325,0.010280449,0.004217861,0.004464323,0.0024443818
2024-09-10,3.539999961853028,0.015244917,0.0077669914,0.011953823,0.00603561,0.007795553,0.004540923,0.00322326,0.001952362
2024-09-11,3.049999952316284,0.030187545,0.0147788515,0.028541505,0.010893603,0.016479937,0.0062277955,0.009052746,0.004920756
2024-09-12,3.005000114440918,0.012472013,0.0077501535,0.014693104,0.007428336,0.009270131,0.0049059535,0.0058955364,0.0041279336
2024-09-13,2.190000057220459,0.052464996,0.022703927,0.0393331,0.014691225,0.02030182,0.0072704735,0.00862578,0.003726577
2024-09-16,2.515000104904175,0.035358746,0.018055627,0.029825354,0.0128302295,0.01791884,0.008378028,0.011943533,0.0107156765
2024-09-17,2.200000047683716,0.053252205,0.024477657,0.029339954,0.010972526,0.015286745,0.0064882105,0.0052885157,0.0055140234
2024-09-18,2.119999885559082,0.025860196,0.015140329,0.024003029,0.0101657845,0.017410045,0.007253256,0.010048535,0.004727737
2024-09-19,2.130000114440918,0.029971046,0.013815806,0.02862756,0.0129126245,0.016876504,0.008728343,0.008997445,0.004977988
2024-09-20,2.025000095367432,0.01135374,0.0057197977,0.017609425,0.007029905,0.013015882,0.0055383323,0.009174035,0.0040272973
2024-09-23,2.125,0.009381256,0.0056492286,0.014324243,0.0081437705,0.009814414,0.005581919,0.0067114998,0.0039283684
2024-09-24,2.5999999046325684,0.014140976,0.0087865675,0.01371525,0.008418417,0.008333247,0.0059738755,0.0047012083,0.0033092608
2024-09-25,2.255000114440918,0.010151962,0.0034746306,0.0126992455,0.0044924114,0.008805695,0.0033093744,0.0042442842,0.0021153267
2024-09-26,2.505000114440918,0.012551583,0.007891722,0.019493762,0.007522556,0.01530604,0.007690013,0.010706687,0.005742428
2024-09-27,2.5199999809265137,0.0076378775,0.005583093,0.012858062,0.0057382635,0.008133279,0.0040364447,0.0038018005,0.0020092013
2024-09-30,2.549999952316284,0.005104356,0.0036664675,0.011796688,0.0070187952,0.0077189393,0.004299428,0.005327264,0.0030689847
2024-10-01,2.265000104904175,0.012744696,0.0067015635,0.02007638,0.009068408,0.01206813,0.0069323992,0.005006717,0.0027998206
2024-10-02,2.265000104904175,0.006785229,0.0031804962,0.011640624,0.0044248127,0.009323973,0.0039564446,0.00608053,0.0032914192
2024-10-03,2.25,0.0079177525,0.00316651,0.009230675,0.0028241624,0.0068994425,0.0027097461,0.0030057952,0.0013937668
2024-10-04,2.3550000190734863,0.014825145,0.0072809653,0.01720722,0.0063894163,0.014553114,0.004922729,0.0082458705,0.004388566
2024-10-07,2.234999895095825,0.01348567,0.0071922266,0.019141115,0.0091882525,0.015888995,0.00889215,0.008732622,0.006004497
2024-10-08,5.050000190734863,0.027245533,0.014248774,0.01794003,0.008924861,0.0071882335,0.0043423376,0.0026784632,0.0017393365
2024-10-09,5.900000095367432,0.0046527283,0.0038698355,0.0042322516,0.0038353682,0.0025166718,0.0029096664,0.0010869907,0.0023655077
2024-10-10,5.150000095367432,0.028825885,0.01577,0.03637629,0.016376682,0.025508214,0.0131698875,0.016245304,0.0105738565
2024-10-11,5.199999809265137,0.026269587,0.009782023,0.024710748,0.00986383,0.015929287,0.006750457,0.008981381,0.0042065307
2024-10-14,5.5,0.017473362,0.006518035,0.015320441,0.0058204224,0.008207859,0.0039079264,0.004904229,0.0037757957
2024-10-15,3.650000095367432,0.024483057,0.008078997,0.022340009,0.008710193,0.015684756,0.008938438,0.010318355,0.008595003
2024-10-16,3.634999990463257,0.08312889,0.028915381,0.059214756,0.024504213,0.039686374,0.016257914,0.02322117,0.01696985
2024-10-17,3.414999961853028,0.042114466,0.021890437,0.02130685,0.0113066295,0.015062267,0.0068672374,0.007620219,0.0044181645
2024-10-18,3.25,0.027471371,0.013818079,0.0227281,0.013216406,0.013136149,0.0060826237,0.006877575,0.004146201
2024-10-21,3.125,0.0151217105,0.01099694,0.014752164,0.009311053,0.011568313,0.0072648632,0.009123723,0.005647859
2024-10-22,3.0299999713897705,0.0066450173,0.0042199655,0.006998037,0.0040495135,0.005174799,0.0021469803,0.004564817,0.002207242
2024-10-23,2.75,0.013528031,0.0063608564,0.014571989,0.0070810844,0.009744223,0.0044013984,0.006136248,0.0030520055
2024-10-24,3.150000095367432,0.021766637,0.010489245,0.019603424,0.008744589,0.014199449,0.007845452,0.00934862,0.0048066853
2024-10-25,3.244999885559082,0.007783858,0.0035666933,0.008028533,0.0032945808,0.0059288237,0.0023968548,0.0039993217,0.001984892
2024-10-28,2.9200000762939453,0.036736663,0.010341264,0.03735456,0.009567418,0.025804617,0.007813921,0.015207156,0.004853572
2024-10-29,2.430000066757202,0.04246563,0.018127605,0.035120055,0.015105693,0.023503548,0.010018253,0.014252297,0.0072370977
2024-10-30,2.380000114440918,0.023238052,0.0092025455,0.021482397,0.011520528,0.0136141395,0.006699627,0.009734529,0.005827166
2024-10-31,2.25,0.014266214,0.0057816785,0.013378972,0.005497843,0.010322839,0.005907259,0.006938623,0.0037433452
2024-11-01,2.549999952316284,0.02990377,0.017093677,0.02286069,0.013331699,0.014494138,0.00917388,0.0065231216,0.0052858377
2024-11-04,2.619999885559082,0.009773325,0.0052855196,0.011645559,0.0056662112,0.008943724,0.005371906,0.008590912,0.005392878
2024-11-05,2.650000095367432,0.011703473,0.0065186922,0.011909577,0.0054068933,0.010142191,0.004147928,0.008659367,0.0042882673
2024-11-06,2.150000095367432,0.015660593,0.010529881,0.015160547,0.008482836,0.011965567,0.0060092085,0.007073713,0.0029646617
2024-11-07,2.365000009536743,0.0077887396,0.0032768007,0.010200744,0.0041611968,0.009075407,0.0028953052,0.008651184,0.004230728
2024-11-08,2.075000047683716,0.008000922,0.0048407973,0.00936034,0.005538453,0.008545055,0.003876513,0.0061635156,0.0038655682
2024-11-11,2.150000095367432,0.0069603412,0.004657998,0.010012377,0.006304526,0.009485908,0.004504008,0.008115357,0.0041517825
2024-11-12,2.134999990463257,0.007373207,0.003468802,0.0077064727,0.0037853704,0.007870084,0.005296127,0.005843165,0.005745561
2024-11-13,2.069999933242798,0.005979495,0.0032508217,0.0072927987,0.0033405013,0.008954931,0.0035513197,0.0062946994,0.0028571303
2024-11-14,2.049999952316284,0.016410604,0.009466696,0.017934551,0.008931323,0.016871981,0.008606548,0.010645914,0.0056089996
2024-11-15,2.150000095367432,0.004553003,0.0023637095,0.007005657,0.003248925,0.008251055,0.003935321,0.006966152,0.0033610521
2024-11-18,2.1600000858306885,0.006213584,0.0026771151,0.009536374,0.003811772,0.009911403,0.004153383,0.009079232,0.0045163054
2024-11-19,2.424999952316284,0.004717877,0.0026605423,0.0062997667,0.0038985843,0.0050369143,0.00239708,0.0037757864,0.002173305
2024-11-20,2.3299999237060547,0.003737799,0.0023882678,0.00555767,0.0032492469,0.0060233264,0.0037248721,0.0041608047,0.0025302505
2024-11-21,2.299999952316284,0.0057585756,0.004063067,0.0099918945,0.00626342,0.009513227,0.0046500964,0.008069018,0.0040279683
2024-11-22,2.3550000190734863,0.003821605,0.0020849928,0.007347413,0.0033214474,0.0069627957,0.003707537,0.006008029,0.003262065
2024-11-25,2.244999885559082,0.0040166643,0.0016479688,0.007371794,0.002908049,0.005857287,0.0030630932,0.0055275746,0.003248386
2024-11-26,2.255000114440918,0.005651579,0.0022268288,0.008785754,0.0029190397,0.007051657,0.0024847127,0.0052441927,0.002727435
2024-11-27,2.299999952316284,0.0043982593,0.0034969742,0.007168793,0.0032385627,0.0059633567,0.0026878924,0.005200764,0.0028354505
2024-11-29,2.3399999141693115,0.0040626763,0.0019361103,0.008714047,0.003696522,0.007676326,0.003401009,0.0066283424,0.0034885681
2024-12-02,2.3499999046325684,0.0026812924,0.0013534963,0.0057504354,0.0029945471,0.003820989,0.0029453426,0.0027869432,0.0019206926
2024-12-03,2.25,0.0023666425,0.0014020932,0.005173623,0.0033414608,0.0044702566,0.002905043,0.0033709207,0.0021917885
2024-12-04,2.174999952316284,0.002574943,0.00252318,0.005348562,0.0048817317,0.0049535786,0.0044227936,0.0042704977,0.003177712
2024-12-05,2.0999999046325684,0.002020538,0.0016126666,0.0045814617,0.0027044446,0.004360584,0.0025813868,0.00397897,0.002432855
2024-12-06,2.049999952316284,0.0025191396,0.0017772272,0.00500552,0.0027850284,0.004977093,0.0027293966,0.005955226,0.004341906
2024-12-09,2.200000047683716,0.0029265687,0.0026849508,0.004326085,0.002458161,0.004122242,0.0025218395,0.004847246,0.0035770799
2024-12-10,2.1549999713897705,0.0017721702,0.000917125,0.0032706303,0.0016246308,0.0030962024,0.0017894445,0.003470655,0.002044763
2024-12-11,1.2400000095367432,0.071323596,0.028287275,0.062212862,0.025633013,0.04694433,0.015626607,0.022808157,0.008717188
2024-12-12,2.5,0.038681723,0.019862516,0.028982844,0.0113742985,0.028097836,0.010593214,0.01654058,0.008722543
2024-12-13,1.6699999570846558,0.034801435,0.0125183305,0.020038977,0.00919326,0.013117745,0.006582264,0.0052604717,0.0025365544
2024-12-16,1.5,0.01736745,0.009049335,0.019166326,0.008873295,0.018200539,0.007390437,0.017946241,0.007951166
2024-12-17,1.3550000190734863,0.012563664,0.0053876177,0.009361846,0.00432769,0.0070697223,0.0027915065,0.0044285967,0.002540728
2024-12-18,1.7999999523162842,0.010034822,0.0053157774,0.007830442,0.003916643,0.006268157,0.0027653049,0.005213782,0.0030545413
2024-12-19,2.190000057220459,0.0070118834,0.0044179396,0.0071733086,0.0035754025,0.00627814,0.0028947012,0.006126063,0.003135941
2024-12-20,2.3949999809265137,0.0060444595,0.0035878066,0.008721572,0.0052174064,0.0071519827,0.004664176,0.008031519,0.0049509834
2024-12-23,2.130000114440918,0.018548848,0.009971925,0.023159545,0.011095791,0.015944036,0.00931036,0.012590405,0.007866722
2024-12-24,2.164999961853028,0.0070713763,0.0030814759,0.010400615,0.004223931,0.008415402,0.0033531033,0.00871667,0.0057060937
2024-12-26,2.2149999141693115,0.008494126,0.0037068326,0.010143187,0.0039684097,0.00795051,0.00348711,0.00579094,0.003045288
2024-12-27,2.8550000190734863,0.008575232,0.004003725,0.012670465,0.0058235037,0.009703154,0.0040645315,0.009867616,0.0057706595
2024-12-30,3.9800000190734863,0.02049242,0.011207194,0.01631212,0.008072623,0.009121515,0.005987879,0.0053855754,0.0046180985
2024-12-31,3.325000047683716,0.015278595,0.0041850037,0.017269306,0.0051152008,0.013673203,0.0053071068,0.009962061,0.0056573018
2025-01-02,4.0,0.016572027,0.007346516,0.020454926,0.00953352,0.015392742,0.007451602,0.011181528,0.0066545503
2025-01-03,3.490000009536743,0.008775436,0.004483598,0.009547636,0.0050472254,0.006259957,0.003055996,0.003322147,0.0018036164
2025-01-06,3.704999923706055,0.0056181415,0.001998295,0.008958127,0.003461097,0.007595067,0.0030267902,0.008135667,0.0041883728
2025-01-07,3.4549999237060547,0.005167716,0.0025682345,0.0065680104,0.0028896236,0.004624871,0.0022189934,0.003448993,0.0017894569
2025-01-08,2.799999952316284,0.010360509,0.003662476,0.0121462215,0.004000154,0.010896156,0.0040834937,0.00869405,0.0033533166
2025-01-10,2.549999952316284,0.007349723,0.004938702,0.008673505,0.0045643323,0.00849134,0.004083885,0.008469906,0.0048761806
2025-01-13,2.515000104904175,0.007923668,0.0049970592,0.008106044,0.0042927517,0.0071416576,0.0034254373,0.0064626317,0.0034522032
2025-01-14,2.3499999046325684,0.004931329,0.0033185729,0.0068260403,0.0053654946,0.00578934,0.0043450603,0.005904546,0.0034252685
2025-01-15,2.259999990463257,0.007499538,0.0024943624,0.008477675,0.0023145198,0.0088879345,0.0032858828,0.007718769,0.003574991
2025-01-16,2.180000066757202,0.004969661,0.0035684882,0.0065124785,0.0030596936,0.0074363947,0.0032795798,0.007882894,0.0034583628
2025-01-17,2.2300000190734863,0.003562956,0.0022599797,0.0060645654,0.0038910594,0.0063009085,0.0043996503,0.006779061,0.004327556
2025-01-21,2.174999952316284,0.0034510896,0.0022458432,0.0055466983,0.0031073994,0.0053535844,0.0027697072,0.006313835,0.0047101383
2025-01-22,1.8899999856948853,0.0067506838,0.0036979741,0.011461123,0.0057518175,0.012602385,0.0064547136,0.011970913,0.0064276904
2025-01-23,2.1549999713897705,0.00977265,0.006862899,0.009428823,0.0059909555,0.009161597,0.005672452,0.005587069,0.0036453374
2025-01-24,1.965000033378601,0.0044106254,0.0025279673,0.0067692683,0.0032621943,0.008513014,0.0045392984,0.005935961,0.0026411903
2025-01-27,1.9800000190734863,0.005421989,0.0031941198,0.007859819,0.00365446,0.008531255,0.0035735152,0.0058653085,0.0031106863
2025-01-28,1.914999961853028,0.0046682646,0.0030241678,0.0054920767,0.0034826996,0.0048585027,0.0039492343,0.0033537275,0.0036534127
2025-01-29,1.75,0.006893391,0.003390054,0.00841845,0.004081719,0.008186354,0.0037293104,0.0043769223,0.002269998
2025-01-30,1.5449999570846558,0.010781751,0.0043469025,0.009044894,0.0046893926,0.008997854,0.0060552754,0.0041282456,0.0027344746
2025-01-31,1.534999966621399,0.0067475485,0.0034629274,0.0066805882,0.0031168647,0.0062270695,0.003551138,0.0043575168,0.0029220034
2025-02-03,1.600000023841858,0.006630979,0.0029781908,0.005304189,0.0021034775,0.003873821,0.0015704694,0.0017932379,0.0011500338
2025-02-04,1.440000057220459,0.0034007246,0.001931335,0.0046767616,0.0021943422,0.004045304,0.0018773498,0.002925253,0.0019028377
2025-02-05,1.0750000476837158,0.039189745,0.014576086,0.025696505,0.009917416,0.015231933,0.0067839273,0.005870645,0.0036851123
2025-02-06,1.2050000429153442,0.016181652,0.0073412103,0.0116875265,0.0047211484,0.01100374,0.0048703803,0.008705645,0.0045362185
2025-02-07,1.309999942779541,0.009117426,0.0050229244,0.007486707,0.005331639,0.0075057233,0.00575477,0.004665521,0.0042748316
2025-02-10,1.5499999523162842,0.005881474,0.003075433,0.0069205775,0.0037434853,0.0050591254,0.0036723104,0.004683507,0.003751458
2025-02-11,1.2949999570846558,0.016077626,0.007752536,0.013657594,0.007320606,0.009771232,0.0058467737,0.005911399,0.0045329304
2025-02-12,1.2549999952316284,0.017083004,0.006124017,0.017915472,0.0071107713,0.015466608,0.0071692653,0.012433269,0.007635194
2025-02-13,1.1749999523162842,0.0082432255,0.008436915,0.006063878,0.007536112,0.0047682985,0.003559323,0.0029800585,0.0020163455
2025-02-14,1.2000000476837158,0.007618055,0.007458912,0.0082219485,0.0049614836,0.0071881623,0.0031730863,0.008662546,0.005083837
2025-02-18,1.024999976158142,0.013023976,0.0072740805,0.009620359,0.0037870677,0.005987881,0.002232654,0.0044917413,0.0020525965
2025-02-19,0.9700000286102296,0.01722962,0.0060490724,0.012554619,0.004278505,0.009381268,0.0039028537,0.008089554,0.0043695495
2025-02-20,1.0,0.027222147,0.011312895,0.014854533,0.005112623,0.009953517,0.0036143959,0.004649553,0.0020792198
2025-02-21,1.440000057220459,0.049680933,0.020071335,0.025585432,0.010263019,0.014822359,0.0057350015,0.0060968734,0.003290068
2025-02-24,1.059999942779541,0.060985703,0.04105858,0.03743149,0.026888898,0.02510322,0.023297774,0.011510676,0.011725498
2025-02-25,1.1100000143051147,0.051670227,0.03045754,0.036569625,0.020647822,0.018049318,0.009378923,0.00753721,0.00484511
2025-02-26,1.159999966621399,0.014011906,0.0070793135,0.0111073265,0.006137478,0.0074993954,0.004869476,0.0039478303,0.0028545589
2025-02-27,1.5,0.02448789,0.011318235,0.015625274,0.006088548,0.008844275,0.003990787,0.004140692,0.0019714304
2025-02-28,1.350000023841858,0.011076692,0.0065414803,0.011945108,0.006085972,0.007977735,0.0034373982,0.007010356,0.0035950656
2025-03-03,1.309999942779541,0.04374754,0.030679049,0.03725427,0.018601198,0.022851007,0.008307901,0.0147367595,0.005207145
2025-03-04,1.0199999809265137,0.04428254,0.022887882,0.027926894,0.017038504,0.01733433,0.0089982785,0.009521371,0.006284893
2025-03-05,1.059999942779541,0.10163262,0.039474133,0.05384963,0.017579176,0.026939204,0.01012039,0.010967233,0.0063156327
2025-03-06,1.034999966621399,0.07615206,0.025145518,0.039846685,0.013716146,0.0191016,0.010361861,0.008741792,0.004878722
2025-03-07,0.9549999833106996,0.031203145,0.013143093,0.030107953,0.00958385,0.020127008,0.007911326,0.01678713,0.008206949
2025-03-10,0.8600000143051147,0.051399503,0.024678685,0.052804913,0.024423506,0.031381313,0.015883472,0.023644345,0.008467692
2025-03-11,0.8500000238418579,0.06105608,0.01935737,0.046378363,0.01796025,0.024967723,0.009927603,0.014698038,0.006719207
2025-03-12,1.100000023841858,0.101956256,0.038430586,0.045408715,0.013888855,0.022970224,0.011376184,0.007842039,0.0058240197
2025-03-13,1.1349999904632568,0.05805904,0.02094484,0.046478424,0.016097149,0.023650171,0.008248577,0.014835247,0.00739497
2025-03-14,1.1349999904632568,0.032033186,0.01230196,0.046919823,0.016009908,0.035421234,0.016344136,0.03542726,0.018963616
2025-03-17,1.2000000476837158,0.02772543,0.018998679,0.029995892,0.014472748,0.016922902,0.0104081845,0.013027783,0.0070330882
2025-03-18,1.159999966621399,0.026220407,0.010587088,0.02803108,0.009476504,0.016397128,0.006239919,0.0137914345,0.005670022
2025-03-19,1.2000000476837158,0.041750394,0.01238537,0.041051485,0.011656135,0.026509924,0.008666665,0.017106224,0.0070282514
2025-03-20,1.1749999523162842,0.04438404,0.025080167,0.045074362,0.0161853,0.028496394,0.009574287,0.021230686,0.009558857
2025-03-21,1.100000023841858,0.036126565,0.020065937,0.05619136,0.02122862,0.043766044,0.019289624,0.04516661,0.021319572
2025-03-24,1.100000023841858,0.016355073,0.0110758245,0.029746378,0.015775729,0.020533454,0.013445502,0.020380443,0.008676492
2025-03-25,1.0199999809265137,0.028580217,0.014304032,0.036830388,0.015738126,0.02767849,0.012780166,0.021028478,0.010790142
2025-03-26,1.0,0.032770045,0.01386155,0.044240803,0.017285725,0.038412083,0.0136023415,0.0323637,0.012290895
2025-03-27,1.0049999952316284,0.020756839,0.0077491696,0.029253969,0.010074678,0.027365543,0.010443978,0.020315854,0.007938663
2025-03-28,0.9399999976158142,0.023625128,0.011126971,0.036250353,0.013557101,0.037291307,0.015844485,0.02350713,0.010381777
2025-03-31,0.9449999928474426,0.04598539,0.018446753,0.054670878,0.018773166,0.04787842,0.020148128,0.025444796,0.0111048855
2025-04-01,0.8949999809265137,0.03952879,0.01613032,0.034118954,0.014241807,0.027245516,0.012835391,0.013751402,0.008276241
2025-04-02,0.875,0.02784523,0.016926577,0.028671546,0.015699051,0.02467093,0.012799425,0.016927972,0.014562071
2025-04-03,0.8500000238418579,0.0135142235,0.006943873,0.014953255,0.006934143,0.014709217,0.006079106,0.010566636,0.006002906
2025-04-04,0.8500000238418579,0.011849964,0.0065899687,0.01575864,0.0074838446,0.015320145,0.0077455123,0.013550008,0.0072514876
2025-04-07,0.9200000166893004,0.008372566,0.006031334,0.012028775,0.0068423846,0.011283203,0.0054372493,0.008969974,0.005296257
2025-04-08,0.8600000143051147,0.007255838,0.0031862743,0.008897413,0.004489292,0.008442306,0.0044287243,0.0072287424,0.0036445032
2025-04-09,0.8550000190734863,0.008846699,0.0040935907,0.011475687,0.0045607244,0.012306076,0.004462811,0.008667872,0.002846487
2025-04-10,0.8299999833106995,0.008039961,0.0047642537,0.009836885,0.00503505,0.009503376,0.0051949453,0.007415233,0.0036411085
2025-04-11,0.8700000047683716,0.0065149595,0.0025508555,0.010513374,0.0037905574,0.011631038,0.0037118834,0.010602236,0.0050475383
2025-04-14,0.8899999856948853,0.005251439,0.0039015848,0.0075246305,0.00403101,0.0064118933,0.0035084137,0.006536817,0.0045810123
2025-04-15,0.8849999904632568,0.006207689,0.0035434407,0.008300897,0.0042866846,0.007640758,0.0046131057,0.005622873,0.0045534936
2025-04-16,0.8450000286102295,0.006066695,0.0035067976,0.012584019,0.0070080706,0.011847114,0.0059378813,0.008868254,0.0059392806
2025-04-17,0.8399999737739563,0.0044439384,0.0023679668,0.00878468,0.0045461603,0.0077765076,0.0037539578,0.0062724594,0.00343759
2025-04-21,0.7900000214576721,0.0062331455,0.0035926253,0.009719999,0.0045825313,0.008731464,0.0054206434,0.0058038845,0.0042746253
2025-04-22,0.8100000023841858,0.008126672,0.0043373588,0.011055579,0.0051435702,0.009637605,0.0045432313,0.0056098853,0.0028630625
2025-04-23,0.7950000166893005,0.0054693995,0.0025927005,0.0077944454,0.0035408752,0.007227193,0.0033500271,0.004294045,0.0026015611
2025-04-24,0.7900000214576721,0.004758149,0.0032663033,0.010287808,0.0061319913,0.009241423,0.00512147,0.0061949105,0.0038418649
2025-04-25,0.8149999976158142,0.004130377,0.0023826547,0.009384007,0.004530276,0.009539407,0.0047714226,0.00548318,0.0028367327
2025-04-28,0.7850000262260437,0.0052545224,0.0023480752,0.01300853,0.0056904973,0.0110134445,0.0050401757,0.0063381316,0.0030583753
2025-04-29,0.7450000047683716,0.0076798694,0.0029366268,0.014479109,0.0057183187,0.011183806,0.005334862,0.0059958627,0.0035892737
2025-04-30,0.7350000143051147,0.008149597,0.004515135,0.011747502,0.0074788574,0.008744396,0.0040212665,0.0044848872,0.0026981055
2025-05-01,0.8100000023841858,0.005449508,0.0026006002,0.00641317,0.0022684094,0.0056637703,0.0021972824,0.0025635585,0.0012010812
2025-05-02,0.8349999785423279,0.004869572,0.004577055,0.0074124676,0.005796137,0.0060076453,0.0046149115,0.0041325693,0.0050740046
2025-05-05,0.7950000166893005,0.0033811263,0.002739507,0.0053524785,0.0033440783,0.00471366,0.0038041573,0.003737329,0.0026919877
2025-05-06,0.7099999785423279,0.007857867,0.0043051494,0.009825704,0.004379393,0.008511074,0.003660487,0.0058343704,0.003430399
2025-05-07,0.699999988079071,0.004096568,0.0026314617,0.0054790936,0.003025118,0.004671567,0.0019398257,0.003150313,0.0015783617
2025-05-08,0.7250000238418579,0.0050100577,0.0021332542,0.005908432,0.0034154237,0.00597123,0.003195296,0.0037035956,0.0019426022
2025-05-09,0.7450000047683716,0.0050596837,0.0036118233,0.0066975597,0.003665022,0.0072929566,0.0041553406,0.0056595737,0.0030194137
2025-05-12,0.8299999833106995,0.011642767,0.0045635137,0.010613037,0.0052251215,0.0068595842,0.0044705337,0.004036889,0.003483827
2025-05-13,0.7049999833106995,0.008544373,0.005136443,0.009195071,0.0050956695,0.00798421,0.003996988,0.005152652,0.002042329
2025-05-14,0.7400000095367432,0.00878115,0.0039969063,0.011437455,0.0039593466,0.010889144,0.0044295574,0.009026106,0.0037298985
2025-05-15,0.7350000143051147,0.0043523116,0.002083857,0.0058083986,0.0031781893,0.0049094576,0.0030607013,0.0031853113,0.0024243193
2025-05-16,0.7450000047683716,0.0061582397,0.0034524698,0.009608091,0.0055221356,0.007563755,0.004342387,0.0073440224,0.004092664
2025-05-19,0.7549999952316284,0.0026053442,0.001614746,0.00538588,0.0030399812,0.004321573,0.0021892427,0.0039185802,0.0021735511
2025-05-20,0.7749999761581421,0.004883731,0.0028900262,0.006805358,0.0034161508,0.005180044,0.002834698,0.0035537682,0.001965453
2025-05-21,0.7649999856948853,0.0036529927,0.0016560346,0.006043238,0.0033174758,0.0049206633,0.0029257564,0.0033582845,0.0018806272
2025-05-22,0.8299999833106995,0.0068270992,0.0047566374,0.009774742,0.0039463425,0.0075826077,0.0033246055,0.005116054,0.0019418852
2025-05-23,0.7950000166893005,0.0041328943,0.0017853405,0.0069330866,0.0023362143,0.005576593,0.002150738,0.0043446207,0.0025599145
2025-05-27,0.8050000071525574,0.0036030195,0.0021588553,0.008074338,0.0044825943,0.0057098465,0.0034822854,0.0037075693,0.0022889026
2025-05-28,0.7549999952316284,0.0038659228,0.0019690127,0.00646843,0.003311304,0.0040267734,0.002164105,0.0022600833,0.0014647071
2025-05-29,1.0099999904632568,0.013072293,0.006194855,0.010340306,0.0047748685,0.004804831,0.0025289683,0.002346919,0.0012438719
2025-05-30,1.840000033378601,0.0133254435,0.013897538,0.008340577,0.008669865,0.0021092235,0.0022865322,0.00061960146,0.0006377799
2025-06-02,1.7899999618530271,0.008962381,0.006499315,0.010314106,0.0092092315,0.0043912083,0.005889626,0.0018627241,0.0021729078
2025-06-03,1.524999976158142,0.02136303,0.017030345,0.020870589,0.015459881,0.009067775,0.0073139914,0.0034493417,0.0035684495
2025-06-04,2.2049999237060547,0.0106539605,0.0050369543,0.007827813,0.0038822526,0.0037217415,0.0020654397,0.0021515437,0.0014474323
2025-06-05,2.0450000762939453,0.005089132,0.0053598983,0.0041633015,0.0041671903,0.0020344923,0.0019839844,0.0012630555,0.0012250644
2025-06-06,1.820000052452088,0.010020091,0.00786742,0.01318453,0.008923733,0.008627471,0.0056029353,0.008138177,0.0057006227
2025-06-09,1.725000023841858,0.00957478,0.006332031,0.00836959,0.0056004906,0.004486826,0.0025351653,0.0034502796,0.002656814
2025-06-10,1.809999942779541,0.00798261,0.005846257,0.0059622317,0.003481251,0.0034757722,0.001938195,0.0024551481,0.0013914485
2025-06-11,1.75,0.004465357,0.0032572239,0.0039528166,0.0024852394,0.0024480629,0.0017780405,0.0017211675,0.0011859813
2025-06-12,1.6100000143051147,0.0057749003,0.00302715,0.0070775836,0.0037721214,0.005401717,0.004089804,0.005446055,0.004459044
2025-06-13,1.600000023841858,0.0040238807,0.0021887596,0.0050022225,0.0018726523,0.0044303313,0.0019239981,0.004184025,0.0020890594
2025-06-16,1.784999966621399,0.003556484,0.0018191634,0.003878852,0.002108087,0.0024375727,0.001360376,0.0020279079,0.0012791584
2025-06-17,1.600000023841858,0.0023878582,0.0012968987,0.0031259567,0.0018552283,0.002348139,0.0015971421,0.0020477895,0.0012655178
2025-06-18,1.6649999618530271,0.003797061,0.002479901,0.0051127397,0.0024786533,0.004462835,0.0023044618,0.003849594,0.0024252767
2025-06-20,1.524999976158142,0.003755365,0.0022906673,0.0053433967,0.003172537,0.0040613706,0.0019260986,0.0032981092,0.002035687
2025-06-23,1.715000033378601,0.0069155055,0.0025439153,0.007497075,0.0032173414,0.0047225715,0.0017992533,0.003829969,0.0015173776
2025-06-24,1.565000057220459,0.0054592164,0.0028279237,0.0052996217,0.0024468226,0.0043056873,0.0020409417,0.0032080424,0.0014560398
2025-06-25,1.6799999475479126,0.0044536414,0.002643131,0.005519514,0.0025205938,0.0052898307,0.0029522253,0.003461513,0.0020677932
2025-06-26,1.7000000476837158,0.0036705667,0.0021952316,0.003872738,0.0020294548,0.0026671698,0.0015814318,0.0016767913,0.001232345
2025-06-27,1.6649999618530271,0.028195908,0.014772253,0.022836013,0.012717616,0.014894195,0.009319595,0.009296497,0.007068237
2025-06-30,1.75,0.017426258,0.011055036,0.018671812,0.01336149,0.014173255,0.010974908,0.0091219,0.0071785995
2025-07-01,1.9700000286102293,0.012775468,0.006325116,0.00863528,0.0054554758,0.0038717645,0.002614499,0.0014617463,0.0013326629
2025-07-02,2.0,0.0034446162,0.0017097545,0.003345038,0.0016968794,0.0017430738,0.00089223386,0.0013026778,0.00084634795
2025-07-03,1.8049999475479128,0.0032244015,0.0017598666,0.003916232,0.0019412229,0.002436634,0.0016073374,0.0017227862,0.0016692005
2025-07-07,1.825000047683716,0.002559213,0.0023565586,0.0034748975,0.003763312,0.0019796812,0.001971694,0.0012805791,0.0010335976
2025-07-08,1.7100000381469729,0.0022835298,0.0015577414,0.002519092,0.0013674133,0.0016497261,0.0008628318,0.0013827555,0.0007487614
2025-07-09,1.590000033378601,0.0026454972,0.002683477,0.0036611704,0.0027832247,0.003275861,0.0024098107,0.0027339906,0.0018481637
2025-07-10,1.625,0.0019983423,0.0016795653,0.0030267013,0.0024363936,0.0022566789,0.0016203213,0.0020974842,0.0017741064
2025-07-11,1.5499999523162842,0.0015014082,0.0010172734,0.002623801,0.0013848369,0.0022154683,0.0010779143,0.0022954566,0.0012453846
2025-07-14,1.5800000429153442,0.0010677263,0.0008177933,0.0022155952,0.0016817942,0.0015356465,0.0012397441,0.0017345942,0.0013237008
2025-07-15,1.4500000476837158,0.0022057944,0.0015988136,0.002625469,0.0015688306,0.0022683241,0.0018028712,0.0021943117,0.0021124613
2025-07-16,1.5199999809265137,0.0016530342,0.0010424445,0.0027684432,0.0018559358,0.0023914871,0.0017405133,0.0022567206,0.0013712002
2025-07-17,1.534999966621399,0.0022215457,0.0012112544,0.0034729105,0.0019451783,0.0030776015,0.0016707295,0.0029166408,0.0021881082
2025-07-18,1.5049999952316284,0.0018023321,0.001714473,0.0036798862,0.0025576388,0.0036451397,0.0028016253,0.003381325,0.0025286123
2025-07-21,1.5750000476837158,0.0012050328,0.0010087605,0.0021380929,0.001488989,0.0015667463,0.0015170584,0.001473077,0.0010520151
2025-07-22,1.5449999570846558,0.00084372715,0.00047549288,0.0015001735,0.0010303279,0.0009839054,0.0008430438,0.00082432886,0.0008692707
2025-07-23,1.5700000524520874,0.0013146757,0.00070143316,0.0025288365,0.0013773674,0.0019884764,0.0011206957,0.0015258528,0.000797441
2025-07-24,1.4850000143051147,0.0021512995,0.001204181,0.0038039929,0.002333366,0.0030120066,0.0018299648,0.0021984298,0.001335381
2025-07-25,1.5199999809265137,0.0014585622,0.0009888128,0.0028445206,0.0015912015,0.0024951578,0.0015208932,0.0021061427,0.0011499628
2025-07-28,1.5449999570846558,0.0018368459,0.0010540392,0.00317938,0.0016948406,0.0018404424,0.0011600445,0.001233519,0.00076198095
2025-07-29,1.465000033378601,0.00096349476,0.0007664973,0.0020145676,0.0011330866,0.0013370614,0.00091833,0.0008526617,0.0005276891
2025-07-30,1.559999942779541,0.0023540705,0.0014241934,0.0031262166,0.0018534083,0.0020942455,0.0014294555,0.0012309664,0.00090906786
2025-07-31,1.475000023841858,0.001242309,0.0008538257,0.002463737,0.0015580064,0.0017220861,0.0015388306,0.0010056704,0.00075865816
2025-08-01,1.3200000524520874,0.0047139665,0.0024523146,0.008217914,0.004048109,0.00494988,0.0023141396,0.00341127,0.0017852781
2025-08-04,1.3799999952316284,0.0009630331,0.0007012886,0.0018516985,0.0013849447,0.0012668859,0.0011520139,0.0010565949,0.0010512578
2025-08-05,1.3200000524520874,0.002406349,0.0018469116,0.0029238367,0.0016008897,0.0021602625,0.0017311075,0.0016689018,0.0015815314
2025-08-06,1.1649999618530271,0.0029755882,0.002173072,0.004135861,0.0023819236,0.0039032944,0.0020168554,0.0036294474,0.0022570542
2025-08-07,1.100000023841858,0.005533721,0.0037202567,0.0060639638,0.0036006474,0.005611145,0.0034690658,0.005395659,0.0026543196
2025-08-08,1.065000057220459,0.003375047,0.0019170941,0.00420885,0.0025040347,0.0041070543,0.002627394,0.0045160027,0.0036567328
2025-08-11,0.9850000143051147,0.003769722,0.0017296905,0.00439898,0.0021120363,0.003472768,0.00135055,0.0041758274,0.0017531236
2025-08-12,0.9649999737739564,0.0036713684,0.0021173833,0.003976929,0.0018007065,0.0040371167,0.0018869455,0.0045535015,0.0030503888
2025-08-13,0.9449999928474426,0.002872577,0.0013932153,0.0033935148,0.0020566517,0.00349845,0.0020260152,0.0030328631,0.0015941595
2025-08-14,0.8899999856948853,0.0050107557,0.0035409303,0.005609799,0.0030748018,0.0063518817,0.0030683926,0.0050861007,0.0029541478
2025-08-15,0.9200000166893004,0.004292859,0.0029391677,0.0056491126,0.0042451983,0.0058246274,0.004093192,0.0053099496,0.003590878
2025-08-18,0.8399999737739563,0.015444832,0.0064553795,0.011158611,0.005014947,0.008582857,0.004747407,0.005685596,0.0038266636
2025-08-19,0.8500000238418579,0.008498223,0.0051914016,0.0090126395,0.0061705383,0.007660146,0.0039594304,0.006744646,0.003328118
2025-08-20,0.8149999976158142,0.012633363,0.0057138796,0.010404374,0.0037998976,0.007925511,0.0032359194,0.006086439,0.002808209
2025-08-21,0.7950000166893005,0.00703761,0.0026057565,0.0058012195,0.0021656903,0.004005322,0.0014973371,0.002724126,0.001306788
2025-08-22,0.8500000238418579,0.0072666476,0.0034081931,0.0081296405,0.0038391158,0.0061753816,0.0029295483,0.0047719367,0.0026820423
